State,City,,Population1,"Violent
crime",Murder,"Rape
(revised
definition)2","Rape
(legacy
definition)3",Robbery,"Aggravated
assault","Property
crime",Burglary,"Larceny-
theft","Motor
vehicle
theft",Arson4
ALABAMA,HUNTSVILLE,2015,"190,106",723,5,65,0,173,480,"4,121",836,"2,903",382,0
ALABAMA,HUNTSVILLE,2016,"190,106",876,10,80,0,213,573,"4,565",881,"3,279",405,0
ALASKA,ANCHORAGE,2015,"301,239","1,615",16,323,0,271,"1,005","5,732",811,"4,516",405,63
ALASKA,ANCHORAGE,2016,"301,239","1,692",9,302,0,326,"1,055","6,853","1,031","4,901",921,38
ARIZONA,CHANDLER,2015,"258,875",206,0,26,0,51,129,"2,524",384,"2,033",107,26
ARIZONA,CHANDLER,2016,"258,875",272,1,61,0,69,141,"2,987",453,"2,373",161,8
ARIZONA,GILBERT,2015,"247,324",95,2,14,0,14,65,"1,628",253,"1,310",65,12
ARIZONA,GILBERT,2016,"247,324",108,1,22,0,14,71,"1,694",297,"1,330",67,13
ARIZONA,MESA,2015,"471,034","1,019",6,142,0,219,652,"5,995","1,041","4,591",363,40
ARIZONA,MESA,2016,"471,034","1,069",12,146,0,210,701,"5,517","1,010","4,090",417,21
ARIZONA,PEORIA,2015,"170,222",145,1,16,0,25,103,"1,677",368,"1,207",102,5
ARIZONA,PEORIA,2016,"170,222",166,1,14,0,41,110,"1,865",298,"1,444",123,2
ARIZONA,SCOTTSDALE,2015,"233,872",189,3,48,0,53,85,"2,580",398,"2,091",91,4
ARIZONA,SCOTTSDALE,2016,"233,872",197,2,55,0,59,81,"2,904",356,"2,436",112,8
ARIZONA,TEMPE,2015,"175,556",348,2,47,0,83,216,"3,731",531,"3,043",157,30
ARIZONA,TEMPE,2016,"175,556",437,3,73,0,108,253,"4,050",599,"3,234",217,20
ARIZONA,TUCSON,2015,"529,675","1,706",16,213,0,516,961,"16,680","1,784","13,919",977,58
ARIZONA,TUCSON,2016,"529,675","1,988",11,221,0,537,"1,219","15,773","1,850","13,092",831,72
ARKANSAS,LITTLE ROCK,2015,"198,647","1,310",14,79,0,306,911,"6,100","1,169","4,556",375,47
ARKANSAS,LITTLE ROCK,2016,"198,647","1,415",16,79,0,302,"1,018","6,476","1,086","4,857",533,27
CALIFORNIA,ANAHEIM,2015,"349,471",628,10,65,0,211,342,"5,018",724,"3,472",822,20
CALIFORNIA,ANAHEIM,2016,"349,471",620,4,70,0,183,363,"5,151",759,"3,677",715,17
CALIFORNIA,ANTIOCH,2015,"110,537",387,2,31,0,135,219,"1,931",496,895,540,18
CALIFORNIA,ANTIOCH,2016,"110,537",396,7,25,0,165,199,"1,756",367,883,506,27
CALIFORNIA,BAKERSFIELD,2015,"373,887",879,12,38,0,324,505,"7,748","1,885","4,661","1,202",204
CALIFORNIA,BAKERSFIELD,2016,"373,887",925,22,34,0,289,580,"8,264","1,932","4,898","1,434",0
CALIFORNIA,BERKELEY,2015,"120,387",269,0,20,0,165,84,"2,909",587,"1,971",351,9
CALIFORNIA,BERKELEY,2016,"120,387",262,0,27,0,151,84,"2,637",437,"1,888",312,20
CALIFORNIA,BURBANK,2015,"105,865",69,0,5,0,25,39,"1,282",143,"1,047",92,4
CALIFORNIA,BURBANK,2016,"105,865",104,0,11,0,23,70,"1,358",202,"1,038",118,8
CALIFORNIA,CARLSBAD,2015,"113,972",88,0,15,0,18,55,"1,028",188,782,58,5
CALIFORNIA,CARLSBAD,2016,"113,972",89,0,18,0,25,46,"1,137",192,863,82,4
CALIFORNIA,CHULA VISTA,2015,"265,215",318,2,30,0,121,165,"2,210",305,"1,511",394,17
CALIFORNIA,CHULA VISTA,2016,"265,215",362,0,33,0,97,232,"2,377",374,"1,554",449,17
CALIFORNIA,CLOVIS,2015,"103,769",114,1,13,0,27,73,"1,591",208,"1,271",112,1
CALIFORNIA,CLOVIS,2016,"103,769",131,2,18,0,35,76,"1,506",215,"1,178",113,3
CALIFORNIA,CONCORD,2015,"128,767",241,0,15,0,91,135,"2,367",338,"1,512",517,4
CALIFORNIA,CONCORD,2016,"128,767",221,1,14,0,75,131,"2,116",227,"1,374",515,8
CALIFORNIA,CORONA,2015,"163,633",93,0,9,0,42,42,"1,794",275,"1,310",209,5
CALIFORNIA,CORONA,2016,"163,633",95,1,24,0,45,25,"1,866",384,"1,133",349,11
CALIFORNIA,COSTA MESA,2015,"113,477",188,1,26,0,67,94,"2,371",336,"1,802",233,8
CALIFORNIA,COSTA MESA,2016,"113,477",199,0,27,0,72,100,"2,466",413,"1,751",302,19
CALIFORNIA,DALY CITY,2015,"107,320",132,0,8,0,49,75,965,180,646,139,2
CALIFORNIA,DALY CITY,2016,"107,320",131,0,11,0,47,73,783,129,567,87,5
CALIFORNIA,DOWNEY,2015,"114,754",150,2,11,0,84,53,"1,356",210,784,362,5
CALIFORNIA,DOWNEY,2016,"114,754",189,1,5,0,93,90,"1,601",237,975,389,5
CALIFORNIA,EL CAJON,2015,"103,942",158,0,25,0,42,91,"1,118",179,766,173,8
CALIFORNIA,EL CAJON,2016,"103,942",202,1,29,0,67,105,"1,273",210,836,227,6
CALIFORNIA,ELK GROVE,2015,"166,183",296,1,19,0,51,225,"1,546",319,"1,115",112,3
CALIFORNIA,ELK GROVE,2016,"166,183",278,0,32,0,45,201,"1,269",210,934,125,1
CALIFORNIA,EL MONTE,2015,"117,376",193,2,11,0,65,115,"1,059",224,525,310,12
CALIFORNIA,EL MONTE,2016,"117,376",226,0,17,0,92,117,"1,191",338,539,314,17
CALIFORNIA,ESCONDIDO,2015,"151,732",270,5,30,0,89,146,"1,636",218,"1,103",315,7
CALIFORNIA,ESCONDIDO,2016,"151,732",257,3,19,0,73,162,"1,665",221,"1,124",320,7
CALIFORNIA,FAIRFIELD,2015,"112,582",247,2,17,0,80,148,"1,739",247,"1,246",246,11
CALIFORNIA,FAIRFIELD,2016,"112,582",275,2,29,0,78,166,"1,389",217,907,265,8
CALIFORNIA,FONTANA,2015,"206,982",384,2,19,0,100,263,"2,157",375,"1,271",511,3
CALIFORNIA,FONTANA,2016,"206,982",447,5,40,0,113,289,"2,224",341,"1,318",565,7
CALIFORNIA,FREMONT,2015,"232,427",144,1,19,0,70,54,"2,172",438,"1,390",344,9
CALIFORNIA,FREMONT,2016,"232,427",204,0,33,0,97,74,"2,239",454,"1,455",330,6
CALIFORNIA,FRESNO,2015,"520,837","1,347",25,81,0,479,762,"10,459","2,196","6,861","1,402",140
CALIFORNIA,FRESNO,2016,"520,837","1,613",18,81,0,552,962,"10,334","1,726","6,762","1,846",126
CALIFORNIA,GARDEN GROVE,2015,"176,041",267,1,23,0,81,162,"2,198",380,"1,491",327,10
CALIFORNIA,GARDEN GROVE,2016,"176,041",252,1,17,0,80,154,"2,187",448,"1,387",352,4
CALIFORNIA,GLENDALE,2015,"202,298",95,3,8,0,37,47,"1,693",262,"1,259",172,5
CALIFORNIA,GLENDALE,2016,"202,298",114,1,17,0,45,51,"1,795",313,"1,309",173,4
CALIFORNIA,HAYWARD,2015,"157,157",294,4,33,0,164,93,"2,338",385,"1,259",694,17
CALIFORNIA,HAYWARD,2016,"157,157",298,3,34,0,174,87,"2,266",364,"1,227",675,6
CALIFORNIA,HUNTINGTON BEACH,2015,"203,233",178,0,21,0,52,105,"2,388",360,"1,838",190,14
CALIFORNIA,HUNTINGTON BEACH,2016,"203,233",170,0,24,0,32,114,"2,167",317,"1,644",206,7
CALIFORNIA,INGLEWOOD,2015,"112,450",347,2,17,0,160,168,"1,282",260,679,343,4
CALIFORNIA,INGLEWOOD,2016,"112,450",402,9,27,0,205,161,"1,219",236,613,370,14
CALIFORNIA,IRVINE,2015,"258,198",59,1,13,0,21,24,"1,950",248,"1,601",101,4
CALIFORNIA,IRVINE,2016,"258,198",74,1,21,0,27,25,"1,977",313,"1,582",82,4
CALIFORNIA,LANCASTER,2015,"162,095",481,6,42,0,146,287,"1,707",526,979,202,28
CALIFORNIA,LANCASTER,2016,"162,095",550,3,40,0,173,334,"1,761",517,931,313,35
CALIFORNIA,LONG BEACH,2015,"476,318","1,312",13,94,0,465,740,"6,813","1,470","4,089","1,254",28
CALIFORNIA,LONG BEACH,2016,"476,318","1,405",15,109,0,540,741,"6,900","1,527","4,009","1,364",47
CALIFORNIA,LOS ANGELES,2015,"3,962,726","11,740",129,"1,073",0,"4,230","6,308","45,090","8,161","29,586","7,343",638
CALIFORNIA,LOS ANGELES,2016,"3,962,726","13,724",136,"1,127",0,"4,930","7,531","48,427","7,795","31,619","9,013",639
CALIFORNIA,MODESTO,2015,"210,794",984,10,50,0,235,689,"4,857",722,"3,294",841,28
CALIFORNIA,MODESTO,2016,"210,794","1,034",4,45,0,240,745,"5,010",763,"3,412",835,31
CALIFORNIA,MORENO VALLEY,2015,"205,182",282,2,16,0,125,139,"3,105",612,"2,025",468,5
CALIFORNIA,MORENO VALLEY,2016,"205,182",469,5,4,0,180,280,"3,052",433,"2,062",557,6
CALIFORNIA,MURRIETA,2015,"109,495",34,0,4,0,15,15,903,145,641,117,5
CALIFORNIA,MURRIETA,2016,"109,495",53,1,13,0,8,31,812,131,575,106,5
CALIFORNIA,NORWALK,2015,"107,470",194,2,12,0,69,111,942,169,553,220,1
CALIFORNIA,NORWALK,2016,"107,470",203,3,17,0,66,117,942,186,541,215,9
CALIFORNIA,OAKLAND,2015,"419,481","3,171",43,129,0,"1,735","1,264","13,097","1,757","8,003","3,337",103
CALIFORNIA,OAKLAND,2016,"419,481","2,952",28,128,0,"1,509","1,287","11,450","1,440","6,431","3,579",91
CALIFORNIA,OCEANSIDE,2015,"176,319",313,6,33,0,102,172,"2,156",264,"1,666",226,9
CALIFORNIA,OCEANSIDE,2016,"176,319",307,1,27,0,76,203,"2,152",249,"1,659",244,7
CALIFORNIA,ONTARIO,2015,"170,274",263,2,14,0,100,147,"2,545",444,"1,596",505,19
CALIFORNIA,ONTARIO,2016,"170,274",298,6,15,0,102,175,"2,331",462,"1,383",486,15
CALIFORNIA,ORANGE,2015,"140,572",96,2,6,0,31,57,"1,502",287,"1,042",173,4
CALIFORNIA,ORANGE,2016,"140,572",104,0,13,0,27,64,"1,282",227,871,184,6
CALIFORNIA,OXNARD,2015,"207,221",446,6,12,0,193,235,"3,312",490,"2,430",392,12
CALIFORNIA,OXNARD,2016,"207,221",450,8,29,0,196,217,"3,291",509,"2,307",475,17
CALIFORNIA,PALMDALE,2015,"159,613",406,4,24,0,121,257,"1,590",424,920,246,14
CALIFORNIA,PALMDALE,2016,"159,613",351,5,27,0,93,226,"1,264",289,779,196,17
CALIFORNIA,PASADENA,2015,"141,815",204,1,28,0,66,109,"1,951",409,"1,372",170,30
CALIFORNIA,PASADENA,2016,"141,815",241,1,21,0,78,141,"1,722",413,"1,145",164,38
CALIFORNIA,POMONA,2015,"154,410",402,7,35,0,148,212,"2,333",328,"1,322",683,27
CALIFORNIA,POMONA,2016,"154,410",334,3,34,0,133,164,"2,316",414,"1,333",569,12
CALIFORNIA,RANCHO CUCAMONGA,2015,"176,376",102,1,17,0,37,47,"1,915",419,"1,327",169,4
CALIFORNIA,RANCHO CUCAMONGA,2016,"176,376",119,0,18,0,39,62,"2,072",483,"1,355",234,3
CALIFORNIA,RIALTO,2015,"103,590",207,1,19,0,73,114,"1,020",310,410,300,8
CALIFORNIA,RIALTO,2016,"103,590",254,2,9,0,84,159,946,301,290,355,1
CALIFORNIA,RICHMOND,2015,"109,716",469,8,25,0,227,209,"2,126",400,"1,078",648,15
CALIFORNIA,RICHMOND,2016,"109,716",474,9,40,0,170,255,"1,805",361,809,635,18
CALIFORNIA,RIVERSIDE,2015,"323,064",679,3,63,0,253,360,"4,949",781,"3,416",752,30
CALIFORNIA,RIVERSIDE,2016,"323,064",832,3,70,0,289,470,"5,443",934,"3,589",920,27
CALIFORNIA,SACRAMENTO,2015,"489,717","1,830",25,50,0,572,"1,183","8,056","1,798","4,858","1,400",62
CALIFORNIA,SACRAMENTO,2016,"489,717","1,733",13,42,0,536,"1,142","7,875","1,621","4,740","1,514",87
CALIFORNIA,SALINAS,2015,"158,185",589,12,40,0,224,313,"2,361",456,"1,033",872,12
CALIFORNIA,SALINAS,2016,"158,185",431,15,42,0,120,254,"2,738",340,"1,521",877,4
CALIFORNIA,SAN BERNARDINO,2015,"216,477","1,213",16,45,0,417,735,"5,053","1,564","2,185","1,304",30
CALIFORNIA,SAN BERNARDINO,2016,"216,477","1,396",32,51,0,444,869,"4,431","1,192","1,957","1,282",23
CALIFORNIA,SAN DIEGO,2015,"1,400,467","2,845",17,253,0,659,"1,916","13,776","2,435","8,898","2,443",104
CALIFORNIA,SAN DIEGO,2016,"1,400,467","2,644",24,297,0,723,"1,600","14,865","2,493","9,412","2,960",138
CALIFORNIA,SAN FRANCISCO,2015,"863,782","3,452",24,174,0,"1,896","1,358","27,669","2,688","21,470","3,511",160
CALIFORNIA,SAN FRANCISCO,2016,"863,782","2,987",25,163,0,"1,497","1,302","22,833","2,435","17,815","2,583",130
CALIFORNIA,SAN JOSE,2015,"1,031,458","1,700",11,178,0,581,930,"12,717","2,466","6,605","3,646",60
CALIFORNIA,SAN JOSE,2016,"1,031,458","1,919",25,220,0,583,"1,091","11,463","2,052","6,152","3,259",55
CALIFORNIA,SAN MATEO,2015,"104,306",118,0,5,0,27,86,977,355,540,82,3
CALIFORNIA,SAN MATEO,2016,"104,306",109,0,12,0,22,75,"1,019",389,533,97,0
CALIFORNIA,SANTA ANA,2015,"337,304",773,6,69,0,259,439,"3,618",392,"2,287",939,22
CALIFORNIA,SANTA ANA,2016,"337,304",868,13,77,0,267,511,"3,428",557,"1,923",948,18
CALIFORNIA,SANTA CLARA,2015,"123,562",79,0,6,0,40,33,"1,848",280,"1,344",224,6
CALIFORNIA,SANTA CLARA,2016,"123,562",88,2,11,0,32,43,"1,297",175,959,163,6
CALIFORNIA,SANTA CLARITA,2015,"211,132",168,7,19,0,56,86,"1,412",293,997,122,10
CALIFORNIA,SANTA CLARITA,2016,"211,132",156,2,25,0,51,78,"1,476",325,963,188,5
CALIFORNIA,SANTA MARIA,2015,"104,355",214,4,26,0,67,117,"1,466",328,804,334,4
CALIFORNIA,SANTA MARIA,2016,"104,355",270,7,20,0,97,146,"1,371",233,815,323,3
CALIFORNIA,SANTA ROSA,2015,"175,738",312,2,40,0,65,205,"2,313",324,"1,739",250,20
CALIFORNIA,SANTA ROSA,2016,"175,738",333,4,48,0,58,223,"1,714",298,"1,192",224,11
CALIFORNIA,SIMI VALLEY,2015,"127,472",83,1,12,0,20,50,801,132,613,56,5
CALIFORNIA,SIMI VALLEY,2016,"127,472",88,0,17,0,22,49,780,171,561,48,2
CALIFORNIA,STOCKTON,2015,"304,890","2,019",18,65,0,570,"1,366","6,399","1,450","3,999",950,47
CALIFORNIA,STOCKTON,2016,"304,890","2,158",25,57,0,578,"1,498","5,912","1,130","3,949",833,42
CALIFORNIA,SUNNYVALE,2015,"152,443",78,0,17,0,34,27,"1,231",302,778,151,7
CALIFORNIA,SUNNYVALE,2016,"152,443",68,0,8,0,21,39,"1,012",266,629,117,9
CALIFORNIA,TEMECULA,2015,"111,673",51,0,5,0,20,26,"1,503",266,"1,077",160,1
CALIFORNIA,TEMECULA,2016,"111,673",62,2,3,0,27,30,"1,238",165,912,161,1
CALIFORNIA,THOUSAND OAKS,2015,"129,976",65,0,18,0,12,35,830,131,638,61,4
CALIFORNIA,THOUSAND OAKS,2016,"129,976",83,0,16,0,17,50,761,109,605,47,4
CALIFORNIA,TORRANCE,2015,"149,243",104,1,20,0,36,47,"1,418",272,980,166,1
CALIFORNIA,TORRANCE,2016,"149,243",116,0,12,0,58,46,"1,568",208,"1,173",187,3
CALIFORNIA,VALLEJO,2015,"121,257",502,8,55,0,154,285,"2,449","1,084",852,513,17
CALIFORNIA,VALLEJO,2016,"121,257",517,10,48,0,167,292,"2,419","1,120",691,608,36
CALIFORNIA,VENTURA,2015,"110,077",196,1,32,0,53,110,"1,945",327,"1,493",125,8
CALIFORNIA,VENTURA,2016,"110,077",183,4,28,0,46,105,"1,854",325,"1,382",147,3
CALIFORNIA,VICTORVILLE,2015,"123,332",379,4,33,0,96,246,"1,901",543,"1,080",278,23
CALIFORNIA,VICTORVILLE,2016,"123,332",314,4,21,0,95,194,"1,833",452,"1,125",256,10
CALIFORNIA,VISALIA,2015,"130,405",309,3,57,0,75,174,"1,982",427,"1,315",240,10
CALIFORNIA,VISALIA,2016,"130,405",264,2,29,0,53,180,"1,969",492,"1,137",340,1
CALIFORNIA,WEST COVINA,2015,"109,030",121,1,6,0,39,75,"1,460",182,"1,049",229,2
CALIFORNIA,WEST COVINA,2016,"109,030",146,2,9,0,64,71,"1,442",270,921,251,5
COLORADO,ARVADA,2015,"115,379",80,1,15,0,16,48,"1,323",144,"1,086",93,11
COLORADO,ARVADA,2016,"115,379",103,1,16,0,21,65,"1,445",165,"1,107",173,12
COLORADO,AURORA,2015,"360,237",763,7,183,0,203,370,"5,037",807,"3,632",598,34
COLORADO,AURORA,2016,"360,237",904,7,136,0,280,481,"5,477",811,"3,924",742,29
COLORADO,COLORADO SPRINGS,2015,"452,410",885,8,135,0,185,557,"7,591","1,113","5,791",687,67
COLORADO,COLORADO SPRINGS,2016,"452,410","1,135",7,255,0,197,676,"7,574","1,187","5,489",898,51
COLORADO,DENVER,2015,"682,418","2,122",20,312,0,559,"1,231","11,212","2,196","7,017","1,999",57
COLORADO,DENVER,2016,"682,418","2,126",20,255,0,573,"1,278","12,336","2,384","7,655","2,297",43
COLORADO,FORT COLLINS,2015,"159,629",145,1,11,0,17,116,"1,701",215,"1,398",88,6
COLORADO,FORT COLLINS,2016,"159,629",133,1,13,0,14,105,"1,583",165,"1,334",84,7
COLORADO,LAKEWOOD,2015,"151,311",425,4,66,0,98,257,"3,550",420,"2,763",367,6
COLORADO,LAKEWOOD,2016,"151,311",437,3,76,0,82,276,"4,124",492,"3,194",438,11
COLORADO,PUEBLO,2015,"108,810",457,3,93,0,80,281,"3,413","1,038","2,016",359,19
COLORADO,PUEBLO,2016,"108,810",536,2,81,0,109,344,"3,439",879,"2,135",425,25
COLORADO,THORNTON,2015,"133,188",166,1,51,0,30,84,"2,176",303,"1,560",313,12
COLORADO,THORNTON,2016,"133,188",143,1,35,0,16,91,"1,997",259,"1,435",303,8
COLORADO,WESTMINSTER,2015,"113,547",135,1,28,0,20,86,"1,746",179,"1,337",230,3
COLORADO,WESTMINSTER,2016,"113,547",129,3,22,0,35,69,"1,920",176,"1,427",317,4
CONNECTICUT,BRIDGEPORT5,2015,"148,313",488,8,39,0,214,227,"1,506",385,882,239,6
CONNECTICUT,BRIDGEPORT5,2016,"148,313",472,2,28,0,188,254,0,292,0,270,4
CONNECTICUT,HARTFORD,2015,"124,553",698,15,15,0,253,415,"2,549",414,"1,749",386,27
CONNECTICUT,HARTFORD,2016,"124,553",613,10,28,0,202,373,"2,390",363,"1,661",366,55
CONNECTICUT,NEW HAVEN,2015,"130,403",582,6,28,0,224,324,"2,399",341,"1,759",299,10
CONNECTICUT,NEW HAVEN,2016,"130,403",594,5,35,0,188,366,"2,299",333,"1,652",314,13
CONNECTICUT,STAMFORD,2015,"129,682",128,2,8,0,39,79,798,96,624,78,1
CONNECTICUT,STAMFORD,2016,"129,682",153,0,17,0,54,82,851,121,657,73,1
CONNECTICUT,WATERBURY6,2015,"109,044",206,1,13,0,119,73,"2,093",203,"1,464",426,2
CONNECTICUT,WATERBURY6,2016,"109,044",267,3,14,0,110,140,"2,052",358,"1,393",301,13
FLORIDA,CAPE CORAL,2015,"173,844",114,0,6,0,22,86,"1,552",288,"1,197",67,2
FLORIDA,CAPE CORAL,2016,"173,844",103,4,7,0,19,73,"1,508",307,"1,111",90,2
FLORIDA,CLEARWATER,2015,"111,316",302,6,36,0,92,168,"2,188",306,"1,738",144,7
FLORIDA,CLEARWATER,2016,"111,316",336,1,40,0,69,226,"1,821",260,"1,463",98,6
FLORIDA,CORAL SPRINGS,2015,"129,631",105,0,17,0,34,54,"1,111",157,884,70,1
FLORIDA,CORAL SPRINGS,2016,"129,631",110,0,11,0,37,62,"1,205",104,"1,018",83,4
FLORIDA,DAVIE,2015,"100,612",120,1,14,0,33,72,"1,482",197,"1,153",132,5
FLORIDA,DAVIE,2016,"100,612",97,2,13,0,38,44,"1,431",160,"1,125",146,3
FLORIDA,FORT LAUDERDALE,2015,"178,598",692,4,68,0,200,420,"4,532",877,"3,266",389,13
FLORIDA,FORT LAUDERDALE,2016,"178,598",584,12,46,0,225,301,"5,366",941,"3,983",442,9
FLORIDA,GAINESVILLE,2015,"129,410",416,2,43,0,91,280,"2,108",265,"1,719",124,5
FLORIDA,GAINESVILLE,2016,"129,410",420,3,57,0,83,277,"2,379",307,"1,930",142,3
FLORIDA,HIALEAH,2015,"238,132",407,2,14,0,142,249,"2,769",340,"2,088",341,14
FLORIDA,HIALEAH,2016,"238,132",336,5,18,0,82,231,"2,812",255,"2,255",302,17
FLORIDA,HOLLYWOOD,2015,"149,822",353,6,34,0,131,182,"2,756",537,"1,958",261,1
FLORIDA,HOLLYWOOD,2016,"149,822",316,2,25,0,110,179,"2,372",358,"1,756",258,2
FLORIDA,JACKSONVILLE,2015,"867,258","2,764",46,226,0,620,"1,872","16,090","3,172","11,840","1,078",41
FLORIDA,JACKSONVILLE,2016,"867,258","2,758",52,251,0,703,"1,752","15,340","2,758","11,160","1,422",45
FLORIDA,LAKELAND,2015,"103,498",246,3,37,0,59,147,"2,368",371,"1,846",151,3
FLORIDA,LAKELAND,2016,"103,498",168,1,36,0,55,76,"2,585",321,"2,088",176,1
FLORIDA,MIAMI,2015,"437,969","2,226",42,33,0,829,"1,322","9,604","1,568","6,885","1,151",44
FLORIDA,MIAMI,2016,"437,969","1,953",27,44,0,671,"1,211","9,473","1,282","7,305",886,28
FLORIDA,MIAMI GARDENS,2015,"113,469",351,12,8,0,112,219,"2,001",390,"1,433",178,12
FLORIDA,MIAMI GARDENS,2016,"113,469",376,11,7,0,135,223,"1,820",297,"1,316",207,12
FLORIDA,MIRAMAR,2015,"138,330",225,3,21,0,65,136,"1,357",194,"1,051",112,6
FLORIDA,MIRAMAR,2016,"138,330",233,2,12,0,63,156,"1,480",164,"1,183",133,4
FLORIDA,ORLANDO7,2015,"268,438","1,277",9,94,0,270,904,"7,874","1,588","5,753",533,25
FLORIDA,ORLANDO7,2016,"268,438","1,194",65,85,0,240,804,"7,600","1,421","5,609",570,11
FLORIDA,PALM BAY,2015,"106,469",251,5,27,0,31,188,949,222,667,60,7
FLORIDA,PALM BAY,2016,"106,469",251,2,30,0,25,194,783,192,536,55,5
FLORIDA,PEMBROKE PINES,2015,"167,266",166,0,11,0,39,116,"1,831",291,"1,428",112,5
FLORIDA,PEMBROKE PINES,2016,"167,266",187,1,9,0,51,126,"1,823",152,"1,548",123,1
FLORIDA,POMPANO BEACH,2015,"107,656",484,2,39,0,121,322,"2,176",356,"1,616",204,7
FLORIDA,POMPANO BEACH,2016,"107,656",458,3,44,0,160,251,"2,586",413,"1,888",285,2
FLORIDA,PORT ST. LUCIE,2015,"176,364",124,2,4,0,13,105,"1,164",204,924,36,1
FLORIDA,PORT ST. LUCIE,2016,"176,364",139,2,8,0,27,102,"1,167",204,925,38,3
FLORIDA,ST. PETERSBURG,2015,"255,821",979,5,67,0,266,641,"7,156","1,127","5,263",766,23
FLORIDA,ST. PETERSBURG,2016,"255,821",854,11,59,0,258,526,"5,642",932,"4,272",438,22
FLORIDA,TALLAHASSEE,2015,"189,709",990,8,119,0,166,697,"4,443",960,"3,110",373,3
FLORIDA,TALLAHASSEE,2016,"189,709",857,4,104,0,200,549,"5,346","1,036","3,777",533,3
FLORIDA,TAMPA,2015,"364,383","1,127",21,32,0,296,778,"4,075",934,"2,863",278,35
FLORIDA,TAMPA,2016,"364,383",984,12,43,0,258,671,"4,031",761,"2,917",353,34
FLORIDA,WEST PALM BEACH,2015,"104,919",416,6,25,0,123,262,"2,451",355,"1,861",235,6
FLORIDA,WEST PALM BEACH,2016,"104,919",479,3,41,0,151,284,"2,671",439,"1,949",283,12
GEORGIA,ATHENS-CLARKE COUNTY,2015,"120,858",257,1,0,25,62,169,"1,917",371,"1,444",102,16
GEORGIA,ATHENS-CLARKE COUNTY,2016,"120,858",274,1,0,27,76,170,"2,096",425,"1,559",112,9
GEORGIA,ATLANTA,2015,"464,710","2,529",45,0,83,905,"1,496","12,145","2,258","7,703","2,184",27
GEORGIA,ATLANTA,2016,"464,710","2,531",57,0,60,"1,092","1,322","11,522","2,171","7,507","1,844",27
GEORGIA,SANDY SPRINGS,2015,"103,898",73,2,0,6,41,24,"1,239",272,888,79,2
GEORGIA,SANDY SPRINGS,2016,"103,898",51,0,0,5,27,19,"1,296",234,985,77,4
GEORGIA,SAVANNAH-CHATHAM METROPOLITAN,2015,"240,178",499,20,0,30,216,233,"4,264",874,"2,895",495,9
GEORGIA,SAVANNAH-CHATHAM METROPOLITAN,2016,"240,178",574,28,0,28,254,264,"3,950",789,"2,720",441,6
HAWAII,HONOLULU,2015,"999,307","1,158",12,147,0,438,561,"13,836","2,072","10,144","1,620",126
HAWAII,HONOLULU,2016,"999,307","1,165",9,181,0,378,597,"15,535","1,843","11,477","2,215",139
IDAHO,BOISE,2015,"218,844",312,0,68,0,17,227,"2,281",308,"1,833",140,23
IDAHO,BOISE,2016,"218,844",330,2,64,0,20,244,"2,482",353,"1,961",168,19
ILLINOIS,AURORA,2015,"201,034",308,5,33,0,45,225,"1,338",208,"1,066",64,6
ILLINOIS,AURORA,2016,"201,034",306,2,20,0,59,225,"1,163",197,907,59,11
ILLINOIS,CHICAGO,2015,"2,728,695","11,081",213,730,0,"4,048","6,090","36,779","5,698","26,310","4,771",247
ILLINOIS,CHICAGO,2016,"2,728,695","13,729",317,749,0,"5,164","7,499","39,151","6,176","27,768","5,207",285
ILLINOIS,ELGIN,2015,"111,832",97,3,21,0,20,53,788,114,645,29,2
ILLINOIS,ELGIN,2016,"111,832",124,0,16,0,39,69,651,93,523,35,10
ILLINOIS,JOLIET,2015,"147,991",198,3,19,0,51,125,"1,594",328,"1,219",47,18
ILLINOIS,JOLIET,2016,"147,991",260,2,31,0,69,158,"1,378",282,"1,038",58,24
ILLINOIS,NAPERVILLE,2015,"147,101",32,0,3,0,10,19,759,64,680,15,1
ILLINOIS,NAPERVILLE,2016,"147,101",37,0,4,0,13,20,697,72,608,17,1
ILLINOIS,PEORIA,2015,"116,066",347,6,27,0,124,190,"2,016",471,"1,479",66,17
ILLINOIS,PEORIA,2016,"116,066",378,6,34,0,121,217,"1,992",468,"1,449",75,36
ILLINOIS,ROCKFORD,2015,"148,178","1,168",11,82,0,198,877,"2,714",668,"1,839",207,37
ILLINOIS,ROCKFORD,2016,"148,178","1,238",10,69,0,264,895,"2,684",598,"1,866",220,16
INDIANA,EVANSVILLE5,2015,"120,414",347,2,35,0,81,229,"2,722",471,"2,100",151,23
INDIANA,EVANSVILLE5,2016,"120,414",359,5,44,0,98,212,"2,898",468,"2,240",190,0
INDIANA,FORT WAYNE,2015,"259,712",456,11,42,0,209,194,"3,499",628,"2,719",152,30
INDIANA,FORT WAYNE,2016,"259,712",450,16,47,0,161,226,"3,976",768,"3,062",146,28
INDIANA,SOUTH BEND,2015,"101,240",325,9,32,0,166,118,"2,312",523,"1,610",179,14
INDIANA,SOUTH BEND,2016,"101,240",465,6,43,0,136,280,"2,201",485,"1,517",199,18
KANSAS,OLATHE,2015,"134,830",74,2,17,0,13,42,996,88,805,103,4
KANSAS,OLATHE,2016,"134,830",111,1,23,0,15,72,986,80,821,85,1
KANSAS,OVERLAND PARK,2015,"187,240",192,2,87,0,20,83,"1,708",206,"1,230",272,10
KANSAS,OVERLAND PARK,2016,"187,240",188,1,69,0,20,98,"1,376",235,"1,000",141,8
KANSAS,TOPEKA,2015,"127,096",325,3,40,0,99,183,"3,183",580,"2,324",279,3
KANSAS,TOPEKA,2016,"127,096",304,8,27,0,100,169,"3,302",512,"2,439",351,1
KENTUCKY,LEXINGTON,2015,"314,077",502,9,90,0,230,173,"5,797","1,215","4,062",520,24
KENTUCKY,LEXINGTON,2016,"314,077",504,9,86,0,276,133,"5,982","1,052","4,438",492,23
KENTUCKY,LOUISVILLE METRO6,2015,"680,550","2,066",38,110,0,705,"1,213","13,321","2,934","9,023","1,364",3
KENTUCKY,LOUISVILLE METRO6,2016,"680,550","2,243",53,81,0,741,"1,368","14,378","2,810","9,559","2,009",6
LOUISIANA,BATON ROUGE,2015,"228,727",967,27,47,0,393,500,"4,692","1,136","3,313",243,65
LOUISIANA,BATON ROUGE,2016,"228,727",979,15,53,0,348,563,"4,708","1,058","3,381",269,65
LOUISIANA,LAFAYETTE,2015,"127,273",329,6,11,0,72,240,"3,224",473,"2,532",219,17
LOUISIANA,LAFAYETTE,2016,"127,273",333,5,12,0,83,233,"3,156",533,"2,447",176,11
LOUISIANA,NEW ORLEANS,2015,"393,447","1,652",92,152,0,622,786,"7,304","1,362","4,773","1,169",15
LOUISIANA,NEW ORLEANS,2016,"393,447","2,041",67,299,0,685,990,"7,586","1,277","5,131","1,178",34
LOUISIANA,SHREVEPORT,2015,"197,592",793,10,74,0,218,491,"4,960","1,052","3,637",271,26
LOUISIANA,SHREVEPORT,2016,"197,592",837,16,65,0,202,554,"4,729",986,"3,442",301,34
MARYLAND,BALTIMORE,2015,"621,252","4,224",144,140,0,"1,826","2,114","14,194","3,577","8,205","2,412",132
MARYLAND,BALTIMORE,2016,"621,252","5,176",137,150,0,"2,340","2,549","13,822","3,462","7,844","2,516",137
MASSACHUSETTS,CAMBRIDGE,2015,"110,953",145,1,9,0,40,95,"1,231",191,989,51,2
MASSACHUSETTS,CAMBRIDGE,2016,"110,953",162,2,16,0,38,106,"1,183",187,928,68,4
MASSACHUSETTS,LOWELL,2015,"110,819",226,0,10,0,65,151,"1,101",223,790,88,7
MASSACHUSETTS,LOWELL,2016,"110,819",220,0,6,0,54,160,969,176,662,131,8
MASSACHUSETTS,SPRINGFIELD,2015,"154,090",821,13,45,0,248,515,"2,371",576,"1,517",278,18
MASSACHUSETTS,SPRINGFIELD,2016,"154,090",766,5,38,0,248,475,"2,459",737,"1,429",293,16
MASSACHUSETTS,WORCESTER,2015,"183,377",777,4,10,0,189,574,"2,324",491,"1,648",185,2
MASSACHUSETTS,WORCESTER,2016,"183,377",771,2,21,0,179,569,"2,711",746,"1,704",261,3
MICHIGAN,ANN ARBOR,2015,"118,730",90,0,26,0,14,50,"1,068",100,932,36,3
MICHIGAN,ANN ARBOR,2016,"118,730",106,0,32,0,20,54,926,126,757,43,3
MICHIGAN,DETROIT,2015,"673,225","5,794",135,270,0,"1,569","3,820","13,638","3,276","6,757","3,605",399
MICHIGAN,DETROIT,2016,"673,225","5,409",103,267,0,"1,130","3,909","13,442","3,368","6,229","3,845",335
MICHIGAN,GRAND RAPIDS7,2015,"195,268",642,5,57,0,177,403,"2,082",438,"1,516",128,24
MICHIGAN,GRAND RAPIDS7,2016,"195,268",619,4,72,0,137,406,0,374,"1,472",0,28
MICHIGAN,LANSING,2015,"114,694",631,3,58,0,113,457,"1,543",407,978,158,10
MICHIGAN,LANSING,2016,"114,694",525,4,45,0,81,395,"1,248",308,799,141,3
MICHIGAN,WARREN,2015,"135,367",380,2,61,0,67,250,"1,449",293,882,274,10
MICHIGAN,WARREN,2016,"135,367",351,3,74,0,56,218,"1,647",427,"1,012",208,17
MINNESOTA,MINNEAPOLIS,2015,"413,479","1,964",20,186,0,797,961,"7,922","1,614","5,566",742,63
MINNESOTA,MINNEAPOLIS,2016,"413,479","2,111",10,210,0,799,"1,092","7,607","1,381","5,347",879,38
MINNESOTA,ROCHESTER,2015,"112,542",86,0,24,0,18,44,"1,121",205,876,40,0
MINNESOTA,ROCHESTER,2016,"112,542",127,0,35,0,30,62,"1,186",173,970,43,0
MINNESOTA,ST. PAUL,2015,"300,721",975,2,86,0,289,598,"4,416",926,"2,712",778,53
MINNESOTA,ST. PAUL,2016,"300,721","1,000",9,100,0,341,550,"4,360",900,"2,695",765,35
MISSISSIPPI,JACKSON,2015,"170,508",745,27,0,71,366,281,"4,117","1,115","2,504",498,51
MISSISSIPPI,JACKSON,2016,"170,508",677,27,0,42,297,311,"3,875",922,"2,515",438,55
MISSOURI,COLUMBIA,2015,"118,911",274,1,44,0,66,163,"1,605",385,"1,135",85,5
MISSOURI,COLUMBIA,2016,"118,911",244,2,40,0,61,141,"1,546",275,"1,183",88,6
MISSOURI,INDEPENDENCE,2015,"117,639",216,1,28,0,56,131,"2,922",409,"2,073",440,7
MISSOURI,INDEPENDENCE,2016,"117,639",304,2,29,0,61,212,"2,989",444,"2,172",373,7
MISSOURI,KANSAS CITY,2015,"473,373","3,053",37,179,0,704,"2,133","9,912","2,289","5,832","1,791",71
MISSOURI,KANSAS CITY,2016,"473,373","3,668",51,178,0,862,"2,577","9,204","2,076","5,459","1,669",87
MISSOURI,SPRINGFIELD,2015,"166,860","1,063",7,128,0,212,716,"5,961",935,"4,438",588,30
MISSOURI,SPRINGFIELD,2016,"166,860","1,144",5,153,0,213,773,"6,283","1,060","4,639",584,31
MISSOURI,ST. LOUIS,2015,"317,095","2,813",92,127,0,832,"1,762","9,608","1,947","6,031","1,630",79
MISSOURI,ST. LOUIS,2016,"317,095","2,781",88,141,0,811,"1,741","8,522","1,605","5,587","1,330",136
MONTANA,BILLINGS,2015,"109,997",243,4,33,0,41,165,"2,404",299,"1,691",414,6
MONTANA,BILLINGS,2016,"109,997",270,0,33,0,49,188,"2,537",319,"1,906",312,10
NEBRASKA,LINCOLN,2015,"276,585",471,0,83,0,104,284,"4,226",625,"3,432",169,38
NEBRASKA,LINCOLN,2016,"276,585",473,8,101,0,90,274,"4,104",597,"3,324",183,0
NEBRASKA,OMAHA5,2015,"452,252","1,213",26,100,0,329,758,"7,704","1,079","5,512","1,113",37
NEBRASKA,OMAHA5,2016,"452,252","1,141",12,0,118,248,763,"8,166",922,"5,820","1,424",32
NEVADA,HENDERSON,2015,"282,554",224,2,45,0,84,93,"2,698",688,"1,744",266,7
NEVADA,HENDERSON,2016,"282,554",305,3,48,0,106,148,"2,828",663,"1,851",314,8
NEVADA,LAS VEGAS METROPOLITAN POLICE DEPARTMENT,2015,"1,562,134","6,798",54,555,0,"2,326","3,863","22,760","7,244","11,959","3,557",80
NEVADA,LAS VEGAS METROPOLITAN POLICE DEPARTMENT,2016,"1,562,134","7,277",83,735,0,"2,537","3,922","22,234","6,115","11,881","4,238",49
NEVADA,NORTH LAS VEGAS,2015,"234,386",995,5,45,0,223,722,"2,614",897,"1,282",435,7
NEVADA,NORTH LAS VEGAS,2016,"234,386","1,122",11,46,0,243,822,"2,543",789,"1,151",603,9
NEVADA,RENO,2015,"239,721",618,9,67,0,145,397,"3,573",662,"2,460",451,9
NEVADA,RENO,2016,"239,721",809,4,72,0,190,543,"3,820",599,"2,693",528,8
NEW HAMPSHIRE,MANCHESTER,2015,"110,661",323,2,37,0,112,172,"2,099",359,"1,640",100,13
NEW HAMPSHIRE,MANCHESTER,2016,"110,661",364,1,39,0,102,222,"1,565",240,"1,261",64,16
NEW JERSEY,EDISON TOWNSHIP,2015,"102,281",46,0,1,0,21,24,570,103,427,40,7
NEW JERSEY,EDISON TOWNSHIP,2016,"102,281",49,0,3,0,16,30,528,71,421,36,1
NEW JERSEY,ELIZABETH,2015,"129,364",484,8,23,0,242,211,"1,744",325,"1,038",381,6
NEW JERSEY,ELIZABETH,2016,"129,364",511,3,22,0,235,251,"1,976",394,"1,141",441,1
NEW JERSEY,JERSEY CITY,2015,"265,159",636,8,51,0,253,324,"1,898",390,"1,237",271,35
NEW JERSEY,JERSEY CITY,2016,"265,159",598,11,33,0,258,296,"1,986",479,"1,257",250,23
NEW JERSEY,PATERSON,2015,"146,588",465,7,18,0,206,234,"1,853",616,905,332,4
NEW JERSEY,PATERSON,2016,"146,588",547,7,28,0,263,249,"1,498",464,727,307,5
NEW JERSEY,WOODBRIDGE TOWNSHIP,2015,"100,950",46,0,0,0,22,24,722,103,570,49,1
NEW JERSEY,WOODBRIDGE TOWNSHIP,2016,"100,950",51,0,4,0,24,23,802,102,643,57,2
NEW MEXICO,ALBUQUERQUE,2015,"559,721","2,691",23,0,199,861,"1,608","15,853","2,903","10,755","2,195",46
NEW MEXICO,ALBUQUERQUE,2016,"559,721","2,897",32,0,193,847,"1,825","17,888","2,992","11,575","3,321",0
NEW MEXICO,LAS CRUCES,2015,"102,227",124,2,0,15,33,74,"2,434",358,"1,957",119,3
NEW MEXICO,LAS CRUCES,2016,"102,227",126,2,0,16,19,89,"2,351",377,"1,848",126,1
NEW YORK,AMHERST TOWN,2015,"120,207",55,0,7,0,19,29,811,81,707,23,6
NEW YORK,AMHERST TOWN,2016,"120,207",45,1,3,0,15,26,953,79,857,17,2
NEW YORK,BUFFALO,2015,"258,096","1,291",12,81,0,457,741,"4,904","1,040","3,379",485,70
NEW YORK,BUFFALO,2016,"258,096","1,358",19,88,0,468,783,"4,803","1,184","3,227",392,108
NEW YORK,NEW YORK,2015,"8,550,861","23,225",164,"1,081",0,"7,599","14,381","60,298","6,410","50,526","3,362",0
NEW YORK,NEW YORK,2016,"8,550,861","23,543",159,"1,184",0,"7,366","14,834","59,928","5,809","51,171","2,948",0
NEW YORK,ROCHESTER,2015,"209,922",852,19,65,0,287,481,"3,576",696,"2,503",377,44
NEW YORK,ROCHESTER,2016,"209,922",879,16,72,0,291,500,"3,583",677,"2,572",334,48
NEW YORK,SYRACUSE,2015,"144,027",530,10,34,0,191,295,"2,361",530,"1,690",141,19
NEW YORK,SYRACUSE,2016,"144,027",502,13,31,0,149,309,"2,209",469,"1,576",164,24
NEW YORK,YONKERS,2015,"201,753",447,3,23,0,161,260,960,194,625,141,6
NEW YORK,YONKERS,2016,"201,753",464,4,21,0,206,233,988,181,712,95,9
NORTH CAROLINA,CARY,2015,"160,291",31,2,0,4,9,16,919,169,718,32,2
NORTH CAROLINA,CARY,2016,"160,291",67,0,0,9,24,34,852,126,699,27,4
NORTH CAROLINA,FAYETTEVILLE,2015,"204,731",453,13,0,26,162,252,"3,907",871,"2,870",166,21
NORTH CAROLINA,FAYETTEVILLE,2016,"204,731",659,17,0,46,147,449,"4,598",892,"3,520",186,28
NORTH CAROLINA,GREENSBORO,2015,"285,950",739,11,0,35,217,476,"4,812","1,068","3,505",239,52
NORTH CAROLINA,GREENSBORO,2016,"285,950",898,7,0,41,252,598,"4,770","1,029","3,441",300,56
NORTH CAROLINA,HIGH POINT,2015,"109,669",309,2,0,18,99,190,"1,683",333,"1,230",120,6
NORTH CAROLINA,HIGH POINT,2016,"109,669",318,2,0,16,74,226,"1,896",346,"1,463",87,5
NORTH CAROLINA,WILMINGTON,2015,"115,434",389,4,0,29,127,229,"2,441",627,"1,655",159,4
NORTH CAROLINA,WILMINGTON,2016,"115,434",409,5,0,22,114,268,"2,348",659,"1,565",124,4
NORTH DAKOTA,FARGO,2015,"118,490",177,3,29,0,21,124,"1,545",321,"1,107",117,4
NORTH DAKOTA,FARGO,2016,"118,490",215,1,39,0,30,145,"1,737",251,"1,352",134,9
OHIO,AKRON,2015,"197,587",615,12,86,0,203,314,"3,967","1,147","2,518",302,38
OHIO,AKRON,2016,"197,587",531,16,99,0,181,235,"3,210",979,"1,982",249,43
OHIO,CINCINNATI,2015,"298,478","1,340",38,129,0,607,566,"7,793","2,006","5,275",512,223
OHIO,CINCINNATI,2016,"298,478","1,268",32,128,0,570,538,"7,064","1,843","4,716",505,0
OHIO,COLUMBUS,2015,"847,745","2,338",39,409,0,"1,100",790,"15,851","3,403","10,908","1,540",174
OHIO,COLUMBUS,2016,"847,745","2,124",40,395,0,"1,018",671,"16,668","3,537","11,572","1,559",190
OHIO,DAYTON,2015,"140,683",663,10,75,0,235,343,"3,254","1,110","1,857",287,53
OHIO,DAYTON,2016,"140,683",573,9,44,0,202,318,"3,354",977,"2,030",347,7
OKLAHOMA,BROKEN ARROW,2015,"106,145",74,0,21,0,19,34,897,168,649,80,2
OKLAHOMA,BROKEN ARROW,2016,"106,145",73,1,11,0,21,40,"1,016",166,783,67,3
OKLAHOMA,OKLAHOMA CITY,2015,"630,621","2,399",30,242,0,544,"1,583","11,795","2,796","7,554","1,445",47
OKLAHOMA,OKLAHOMA CITY,2016,"630,621","2,462",30,227,0,547,"1,658","12,436","2,649","8,381","1,406",47
OKLAHOMA,TULSA,2015,"401,520","1,658",27,160,0,410,"1,061","9,445","2,473","5,811","1,161",80
OKLAHOMA,TULSA,2016,"401,520","2,064",28,226,0,455,"1,355","11,532","2,681","7,179","1,672",92
OREGON,EUGENE,2015,"161,608",251,0,41,0,77,133,"2,988",524,"2,237",227,20
OREGON,EUGENE,2016,"161,608",285,2,42,0,58,183,"2,941",468,"2,163",310,29
OREGON,SALEM,2015,"163,320",252,2,20,0,50,180,"3,339",339,"2,673",327,13
OREGON,SALEM,2016,"163,320",238,4,17,0,61,156,"3,339",533,"2,510",296,13
PENNSYLVANIA,ALLENTOWN,2015,"119,335",231,4,24,0,113,90,"1,389",282,"1,019",88,11
PENNSYLVANIA,ALLENTOWN,2016,"119,335",257,6,23,0,122,106,"1,547",331,"1,083",133,11
PENNSYLVANIA,ERIE,2015,"98,887",218,3,25,0,59,131,"1,207",292,856,59,14
PENNSYLVANIA,ERIE,2016,"98,887",176,6,18,0,58,94,959,223,697,39,19
PENNSYLVANIA,PHILADELPHIA,2015,"1,567,810","7,648",115,679,0,"3,113","3,741","23,292","3,936","16,915","2,441",152
PENNSYLVANIA,PHILADELPHIA,2016,"1,567,810","7,374",122,634,0,"2,896","3,722","22,948","3,263","17,069","2,616",197
PENNSYLVANIA,PITTSBURGH,2015,"306,870",996,21,37,0,396,542,"4,437",981,"3,178",278,79
PENNSYLVANIA,PITTSBURGH,2016,"306,870","1,115",29,51,0,438,597,"4,487",716,"3,358",413,76
SOUTH CAROLINA,CHARLESTON,2015,"132,585",175,13,22,0,42,98,"1,505",226,"1,164",115,1
SOUTH CAROLINA,CHARLESTON,2016,"132,585",200,6,18,0,51,125,"1,524",166,"1,237",121,3
SOUTH CAROLINA,COLUMBIA,2015,"132,495",544,4,44,0,125,371,"3,323",522,"2,466",335,9
SOUTH CAROLINA,COLUMBIA,2016,"132,495",373,5,38,0,120,210,"3,411",496,"2,546",369,5
SOUTH CAROLINA,NORTH CHARLESTON,2015,"109,051",380,4,53,0,102,221,"2,608",363,"2,013",232,5
SOUTH CAROLINA,NORTH CHARLESTON,2016,"109,051",435,15,40,0,136,244,"2,961",425,"2,228",308,9
SOUTH DAKOTA,SIOUX FALLS,2015,"172,313",351,1,63,0,21,266,"2,561",467,"1,933",161,17
SOUTH DAKOTA,SIOUX FALLS,2016,"172,313",460,2,70,0,57,331,"2,664",412,"1,944",308,24
TENNESSEE,CHATTANOOGA,2015,"174,969",795,11,40,0,124,620,"5,251",899,"3,910",442,8
TENNESSEE,CHATTANOOGA,2016,"174,969",873,12,57,0,154,650,"4,787",777,"3,532",478,13
TENNESSEE,CLARKSVILLE,2015,"150,319",417,6,32,0,39,340,"1,900",320,"1,505",75,9
TENNESSEE,CLARKSVILLE,2016,"150,319",481,6,43,0,52,380,"1,799",307,"1,421",71,1
TENNESSEE,KNOXVILLE,2015,"185,638",894,10,106,0,208,570,"5,469",868,"4,212",389,8
TENNESSEE,KNOXVILLE,2016,"185,638",832,7,78,0,199,548,"4,854",810,"3,676",368,9
TENNESSEE,MEMPHIS,2015,"657,936","5,515",51,250,0,"1,401","3,813","17,509","4,735","11,576","1,198",134
TENNESSEE,MEMPHIS,2016,"657,936","5,733",88,229,0,"1,537","3,879","16,833","4,348","11,152","1,333",181
TENNESSEE,MURFREESBORO,2015,"123,994",317,3,33,0,72,209,"1,960",442,"1,442",76,6
TENNESSEE,MURFREESBORO,2016,"123,994",359,2,25,0,74,258,"1,830",335,"1,411",84,4
TENNESSEE,NASHVILLE,2015,"658,029","3,365",30,266,0,779,"2,290","11,505","2,290","8,541",674,22
TENNESSEE,NASHVILLE,2016,"658,029","3,398",35,216,0,799,"2,348","11,480","2,232","8,545",703,36
TEXAS,ABILENE,2015,"121,764",336,6,38,0,64,228,"2,805",609,"2,003",193,12
TEXAS,ABILENE,2016,"121,764",279,6,32,0,56,185,"2,242",468,"1,650",124,8
TEXAS,AMARILLO,2015,"198,770",631,4,94,0,137,396,"4,400",898,"3,127",375,14
TEXAS,AMARILLO,2016,"198,770",680,6,85,0,136,453,"4,526",899,"3,191",436,16
TEXAS,AUSTIN,2015,"938,728","1,697",9,266,0,445,977,"17,404","2,464","13,704","1,236",34
TEXAS,AUSTIN,2016,"938,728","1,958",12,339,0,511,"1,096","16,933","2,659","13,146","1,128",41
TEXAS,BEAUMONT,2015,"117,635",572,11,45,0,162,354,"2,250",570,"1,582",98,18
TEXAS,BEAUMONT,2016,"117,635",649,7,44,0,191,407,"2,466",765,"1,561",140,25
TEXAS,BROWNSVILLE ,2015,"184,941",239,1,24,0,76,138,"3,700",501,"3,124",75,9
TEXAS,BROWNSVILLE ,2016,"184,941",234,2,28,0,66,138,"3,057",463,"2,511",83,4
TEXAS,CARROLLTON5,2015,"130,676",75,1,0,3,28,43,"1,380",229,"1,024",127,2
TEXAS,CARROLLTON5,2016,"130,676",116,2,23,0,32,59,"1,358",245,983,130,2
TEXAS,COLLEGE STATION,2015,"105,855",109,2,31,0,20,56,"1,119",182,894,43,0
TEXAS,COLLEGE STATION,2016,"105,855",118,0,27,0,27,64,"1,081",161,861,59,1
TEXAS,CORPUS CHRISTI,2015,"324,326","1,039",12,155,0,205,667,"5,339",945,"4,133",261,28
TEXAS,CORPUS CHRISTI,2016,"324,326","1,090",11,135,0,195,749,"5,703","1,044","4,317",342,24
TEXAS,DALLAS,2015,"1,301,977","4,341",68,405,0,"2,008","1,860","21,508","5,095","12,778","3,635",196
TEXAS,DALLAS,2016,"1,301,977","4,772",81,381,0,"2,150","2,160","22,059","5,401","13,049","3,609",184
TEXAS,DENTON,2015,"131,194",151,2,46,0,33,70,"1,407",174,"1,157",76,0
TEXAS,DENTON,2016,"131,194",158,3,46,0,26,83,"1,424",265,"1,096",63,0
TEXAS,EL PASO,2015,"686,077","1,204",8,153,0,192,851,"6,240",646,"5,233",361,38
TEXAS,EL PASO,2016,"686,077","1,337",6,152,0,222,957,"5,950",705,"4,825",420,24
TEXAS,FORT WORTH,2015,"829,731","2,190",27,291,0,481,"1,391","14,926","2,878","10,910","1,138",61
TEXAS,FORT WORTH,2016,"829,731","2,217",36,225,0,587,"1,369","13,909","2,473","10,284","1,152",62
TEXAS,FRISCO,2015,"152,678",58,1,17,0,15,25,"1,157",188,945,24,1
TEXAS,FRISCO,2016,"152,678",65,0,10,0,16,39,"1,176",137,"1,012",27,5
TEXAS,GARLAND,2015,"237,593",344,4,62,0,159,119,"3,606",621,"2,606",379,20
TEXAS,GARLAND,2016,"237,593",367,1,54,0,176,136,"3,681",720,"2,538",423,13
TEXAS,GRAND PRAIRIE,2015,"187,901",237,1,38,0,61,137,"1,965",350,"1,384",231,11
TEXAS,GRAND PRAIRIE,2016,"187,901",306,5,65,0,94,142,"2,217",350,"1,634",233,6
TEXAS,HOUSTON,2015,"2,275,221","10,216",144,374,0,"4,777","4,921","48,909","9,597","32,644","6,668",332
TEXAS,HOUSTON,2016,"2,275,221","11,578",158,600,0,"4,763","6,057","49,299","8,995","33,924","6,380",364
TEXAS,IRVING,2015,"236,465",216,6,15,0,83,112,"2,914",507,"2,132",275,10
TEXAS,IRVING,2016,"236,465",258,2,13,0,115,128,"3,191",633,"2,250",308,15
TEXAS,KILLEEN,2015,"140,497",400,10,74,0,70,246,"1,793",441,"1,255",97,12
TEXAS,KILLEEN,2016,"140,497",445,5,67,0,91,282,"1,797",563,"1,085",149,16
TEXAS,LAREDO,2015,"256,280",491,4,64,0,69,354,"4,291",532,"3,599",160,43
TEXAS,LAREDO,2016,"256,280",493,7,74,0,88,324,"4,126",570,"3,445",111,28
TEXAS,LEWISVILLE,2015,"104,741",108,1,23,0,24,60,"1,136",161,869,106,2
TEXAS,LEWISVILLE,2016,"104,741",91,0,21,0,20,50,"1,334",206,984,144,4
TEXAS,LUBBOCK,2015,"247,271","1,104",8,90,0,167,839,"5,785","1,231","4,138",416,19
TEXAS,LUBBOCK,2016,"247,271","1,306",3,74,0,209,"1,020","5,918","1,302","4,186",430,25
TEXAS,MCALLEN,2015,"140,593",71,2,7,0,22,40,"2,277",240,"1,984",53,3
TEXAS,MCALLEN,2016,"140,593",96,1,23,0,31,41,"2,227",154,"2,029",44,6
TEXAS,MCKINNEY,2015,"163,406",141,2,25,0,27,87,"1,260",139,"1,064",57,5
TEXAS,MCKINNEY,2016,"163,406",117,4,24,0,30,59,"1,102",151,879,72,7
TEXAS,MESQUITE,2015,"145,569",214,3,22,0,98,91,"2,876",553,"1,910",413,2
TEXAS,MESQUITE,2016,"145,569",287,0,32,0,117,138,"2,756",488,"1,903",365,7
TEXAS,MIDLAND,2015,"132,625",222,5,20,0,27,170,"1,718",347,"1,291",80,3
TEXAS,MIDLAND,2016,"132,625",247,3,15,0,49,180,"1,785",300,"1,400",85,6
TEXAS,ODESSA,2015,"118,606",589,6,32,0,79,472,"2,270",383,"1,618",269,13
TEXAS,ODESSA,2016,"118,606",490,3,39,0,59,389,"2,250",447,"1,585",218,12
TEXAS,PASADENA,2015,"154,986",292,1,38,0,81,172,"2,203",351,"1,540",312,25
TEXAS,PASADENA,2016,"154,986",328,2,49,0,102,175,"1,949",308,"1,426",215,13
TEXAS,PEARLAND,2015,"106,850",81,1,27,0,19,34,"1,103",177,889,37,2
TEXAS,PEARLAND,2016,"106,850",92,0,11,0,32,49,961,139,765,57,4
TEXAS,PLANO,2015,"282,968",213,2,46,0,64,101,"2,397",354,"1,929",114,9
TEXAS,PLANO,2016,"282,968",178,5,30,0,52,91,"2,758",485,"2,073",200,9
TEXAS,RICHARDSON,2015,"111,008",76,0,13,0,26,37,"1,092",192,825,75,1
TEXAS,RICHARDSON,2016,"111,008",91,2,10,0,39,40,"1,201",177,920,104,0
TEXAS,ROUND ROCK,2015,"115,955",71,1,15,0,18,37,"1,062",98,943,21,2
TEXAS,ROUND ROCK,2016,"115,955",85,0,14,0,18,53,"1,363",159,"1,163",41,6
TEXAS,SAN ANTONIO,2015,"1,463,586","4,005",51,509,0,915,"2,530","35,261","5,576","26,572","3,113",119
TEXAS,SAN ANTONIO,2016,"1,463,586","5,111",70,572,0,"1,051","3,418","36,630","5,449","28,000","3,181",119
TEXAS,TYLER,2015,"102,481",212,3,27,0,38,144,"1,899",322,"1,492",85,0
TEXAS,TYLER,2016,"102,481",206,1,33,0,52,120,"2,002",305,"1,621",76,1
TEXAS,WACO,2015,"131,413",394,14,34,0,67,279,"2,497",563,"1,870",64,42
TEXAS,WACO,2016,"131,413",346,2,60,0,74,210,"2,351",535,"1,757",59,7
TEXAS,WICHITA FALLS,2015,"105,186",200,1,48,0,54,97,"2,057",456,"1,526",75,0
TEXAS,WICHITA FALLS,2016,"105,186",245,3,64,0,75,103,"1,775",388,"1,248",139,0
UTAH,PROVO,2015,"115,294",81,0,35,0,10,36,"1,095",100,924,71,1
UTAH,PROVO,2016,"115,294",82,0,30,0,12,40,"1,449",156,"1,197",96,2
VIRGINIA,ALEXANDRIA,2015,"152,710",131,0,11,0,53,67,"1,350",113,"1,133",104,1
VIRGINIA,ALEXANDRIA,2016,"152,710",137,3,12,0,61,61,"1,306",85,"1,089",132,5
VIRGINIA,CHESAPEAKE,2015,"235,273",488,6,31,0,81,370,"2,810",463,"2,185",162,14
VIRGINIA,CHESAPEAKE,2016,"235,273",416,7,37,0,95,277,"2,979",318,"2,491",170,11
VIRGINIA,HAMPTON,2015,"136,381",155,7,16,0,71,61,"1,989",289,"1,555",145,14
VIRGINIA,HAMPTON,2016,"136,381",174,10,19,0,73,72,"2,012",245,"1,637",130,6
VIRGINIA,NEWPORT NEWS ,2015,"182,975",344,17,35,0,98,194,"2,522",438,"1,918",166,25
VIRGINIA,NEWPORT NEWS ,2016,"182,975",377,11,38,0,126,202,"2,570",410,"1,895",265,25
VIRGINIA,NORFOLK,2015,"245,400",629,7,58,0,202,362,"4,141",522,"3,473",146,13
VIRGINIA,NORFOLK,2016,"245,400",766,27,66,0,217,456,"4,438",557,"3,650",231,11
VIRGINIA,RICHMOND,2015,"220,802",553,16,32,0,236,269,"3,645",682,"2,640",323,32
VIRGINIA,RICHMOND,2016,"220,802",504,24,29,0,221,230,"3,065",553,"2,177",335,20
VIRGINIA,VIRGINIA BEACH,2015,"452,797",316,12,52,0,128,124,"4,625",505,"3,931",189,49
VIRGINIA,VIRGINIA BEACH,2016,"452,797",344,8,69,0,133,134,"4,798",428,"4,113",257,36
WASHINGTON,BELLEVUE,2015,"138,532",54,2,9,0,22,21,"2,089",319,"1,648",122,8
WASHINGTON,BELLEVUE,2016,"138,532",75,0,6,0,36,33,"2,165",333,"1,679",153,10
WASHINGTON,EVERETT6,2015,"107,633",191,4,19,0,65,103,"3,040",477,"2,156",407,20
WASHINGTON,EVERETT6,2016,"107,633",258,1,30,0,75,152,"2,958",464,"1,984",510,8
WASHINGTON,KENT,2015,"127,259",156,3,28,0,63,62,"2,872",432,"1,973",467,12
WASHINGTON,KENT,2016,"127,259",162,0,31,0,74,57,"3,669",595,"2,397",677,6
WASHINGTON,RENTON,2015,"100,015",135,0,24,0,50,61,"2,680",559,"1,725",396,2
WASHINGTON,RENTON,2016,"100,015",148,3,18,0,60,67,"2,921",454,"1,861",606,20
WASHINGTON,SEATTLE,2015,"683,700","2,000",9,67,0,782,"1,142","18,074","3,629","12,445","2,000",36
WASHINGTON,SEATTLE,2016,"683,700","2,058",15,129,0,757,"1,157","19,148","3,921","13,294","1,933",53
WASHINGTON,SPOKANE,2015,"212,698",549,5,0,55,170,319,"7,585","1,397","5,367",821,24
WASHINGTON,SPOKANE,2016,"212,698",564,4,0,68,153,339,"8,000","1,303","5,758",939,18
WASHINGTON,TACOMA,2015,"206,884",760,4,67,0,229,460,"6,182","1,188","4,061",933,26
WASHINGTON,TACOMA,2016,"206,884","1,010",5,69,0,285,651,"6,795","1,233","4,329","1,233",48
WASHINGTON,VANCOUVER,2015,"171,076",356,1,60,0,60,235,"2,671",435,"1,875",361,27
WASHINGTON,VANCOUVER,2016,"171,076",319,0,64,0,69,186,"2,868",508,"1,859",501,24
WISCONSIN,GREEN BAY,2015,"105,119",216,1,27,0,25,163,"1,035",183,807,45,6
WISCONSIN,GREEN BAY,2016,"105,119",244,1,30,0,30,183,954,159,768,27,4
WISCONSIN,KENOSHA,2015,"100,038",126,1,0,26,50,49,920,152,714,54,2
WISCONSIN,KENOSHA,2016,"100,038",141,0,0,12,58,71,"1,042",206,795,41,3
WISCONSIN,MADISON,2015,"248,833",432,3,57,0,106,266,"3,170",548,"2,520",102,4
WISCONSIN,MADISON,2016,"248,833",395,6,56,0,99,234,"3,187",434,"2,593",160,8
WISCONSIN,MILWAUKEE,2015,"600,400","4,302",73,189,0,"1,674","2,366","11,680","2,587","6,072","3,021",113
WISCONSIN,MILWAUKEE,2016,"600,400","4,427",53,248,0,"1,531","2,595","11,359","2,358","6,026","2,975",118
